func_name,ncalls,tottime,cumtime
"('/Users/mikewcasale/Documents/GitHub/bancorprotocol/fastlane-bot/fastlane_bot/bot.py', 252, '__post_init__')",1,4.126e-06,0.15583808400000002
"('/Users/mikewcasale/Documents/GitHub/bancorprotocol/fastlane-bot/fastlane_bot/bot.py', 120, '__post_init__')",7,0.00010416900000000001,1.151789541
"('/Users/mikewcasale/Documents/GitHub/bancorprotocol/fastlane-bot/fastlane_bot/bot.py', 154, 'C')",7,1.418e-06,1.418e-06
"('/Users/mikewcasale/Documents/GitHub/bancorprotocol/fastlane-bot/fastlane_bot/bot.py', 187, '<dictcomp>')",6,0.0014459170000000001,0.0014459170000000001
"('/Users/mikewcasale/Documents/GitHub/bancorprotocol/fastlane-bot/fastlane_bot/bot.py', 174, 'get_curves')",6,0.010317563,1.049048958
"('/Users/mikewcasale/Documents/GitHub/bancorprotocol/fastlane-bot/fastlane_bot/events/managers/contracts.py', 19, 'init_tenderly_event_contracts')",1,5.000000000000001e-07,5.000000000000001e-07
"('/Users/mikewcasale/Documents/GitHub/bancorprotocol/fastlane-bot/fastlane_bot/bot.py', 423, '_get_arb_finder')",6,1.3708000000000002e-05,1.3708000000000002e-05
"('/Users/mikewcasale/Documents/GitHub/bancorprotocol/fastlane-bot/fastlane_bot/bot.py', 1227, '<listcomp>')",6,0.006133925,0.038676167000000004
"('/Users/mikewcasale/Documents/GitHub/bancorprotocol/fastlane-bot/fastlane_bot/bot.py', 1236, '<listcomp>')",6,0.004267552,0.056419873
"('/Users/mikewcasale/Documents/GitHub/bancorprotocol/fastlane-bot/fastlane_bot/config/network.py', 119, 'new')",1,2.5e-06,4.25e-06
"('/Users/mikewcasale/Documents/GitHub/bancorprotocol/fastlane-bot/fastlane_bot/config/network.py', 133, '__init__')",1,1.125e-06,1.7500000000000002e-06
"('/Users/mikewcasale/Documents/GitHub/bancorprotocol/fastlane-bot/fastlane_bot/config/base.py', 16, '__init__')",4,2.9590000000000004e-06,3.417e-06
"('/Users/mikewcasale/Documents/GitHub/bancorprotocol/fastlane-bot/fastlane_bot/config/db.py', 34, 'new')",1,1.7080000000000002e-06,8.708e-06
"('/Users/mikewcasale/Documents/GitHub/bancorprotocol/fastlane-bot/fastlane_bot/config/db.py', 54, '__init__')",1,7.5e-07,1.209e-06
"('/Users/mikewcasale/Documents/GitHub/bancorprotocol/fastlane-bot/fastlane_bot/config/db.py', 73, '__init__')",1,5.791e-06,7.000000000000001e-06
"('/Users/mikewcasale/Documents/GitHub/bancorprotocol/fastlane-bot/fastlane_bot/config/logger.py', 34, 'get_logger')",1,1.7959000000000002e-05,0.000765584
"('/Users/mikewcasale/Documents/GitHub/bancorprotocol/fastlane-bot/fastlane_bot/config/logger.py', 93, 'debug')",590,0.001031389,0.0019357150000000002
"('/Users/mikewcasale/Documents/GitHub/bancorprotocol/fastlane-bot/fastlane_bot/config/logger.py', 97, 'info')",219,0.000320684,0.020171337
"('/Users/mikewcasale/Documents/GitHub/bancorprotocol/fastlane-bot/fastlane_bot/config/logger.py', 89, 'logger')",809,0.000211981,0.000211981
"('/Users/mikewcasale/Documents/GitHub/bancorprotocol/fastlane-bot/fastlane_bot/config/logger.py', 109, 'new')",1,3.0830000000000004e-06,0.0007757080000000001
"('/Users/mikewcasale/Documents/GitHub/bancorprotocol/fastlane-bot/fastlane_bot/config/logger.py', 122, '__init__')",1,5.083e-06,0.0007726250000000001
"('/Users/mikewcasale/Documents/GitHub/bancorprotocol/fastlane-bot/fastlane_bot/config/provider.py', 44, 'new')",1,4.792e-06,0.5194451250000001
"('/Users/mikewcasale/Documents/GitHub/bancorprotocol/fastlane-bot/fastlane_bot/config/provider.py', 69, '__init__')",1,1.416e-06,1.791e-06
"('/Users/mikewcasale/Documents/GitHub/bancorprotocol/fastlane-bot/fastlane_bot/config/provider.py', 81, '__init__')",1,4.0751e-05,0.5194402920000001
"('/Users/mikewcasale/Documents/GitHub/bancorprotocol/fastlane-bot/fastlane_bot/config/config.py', 65, 'new')",1,8.667e-06,0.520255
"('/Users/mikewcasale/Documents/GitHub/bancorprotocol/fastlane-bot/fastlane_bot/config/config.py', 95, 'is_config_item')",74400,0.124306597,0.16341028600000002
"('/Users/mikewcasale/Documents/GitHub/bancorprotocol/fastlane-bot/fastlane_bot/config/connect.py', 40, '__call__')",1,1.9590000000000002e-06,1.9590000000000002e-06
"('/Users/mikewcasale/Documents/GitHub/bancorprotocol/fastlane-bot/fastlane_bot/config/connect.py', 126, 'is_connected')",1,1.66e-07,1.66e-07
"('/Users/mikewcasale/Documents/GitHub/bancorprotocol/fastlane-bot/fastlane_bot/config/connect.py', 161, 'connect_network')",1,1.2208e-05,0.002124083
"('/Users/mikewcasale/Documents/GitHub/bancorprotocol/fastlane-bot/fastlane_bot/config/config.py', 109, 'get_attribute_from_config')",74400,0.028539759,0.034273635000000004
"('/Users/mikewcasale/Documents/GitHub/bancorprotocol/fastlane-bot/fastlane_bot/config/config.py', 118, '__getattr__')",74400,0.025000773,0.22268469400000002
"('/Users/mikewcasale/Documents/GitHub/bancorprotocol/fastlane-bot/fastlane_bot/config/config.py', 126, '__post_init__')",1,9.542000000000001e-06,0.5194635830000001
"('/Users/mikewcasale/Documents/GitHub/bancorprotocol/fastlane-bot/fastlane_bot/events/interface.py', 27, '__eq__')",11003,0.002231383,0.0026140580000000003
"('/Users/mikewcasale/Documents/GitHub/bancorprotocol/fastlane-bot/fastlane_bot/events/interface.py', 30, '__hash__')",16870,0.0021730490000000002,0.002817261
"('/Users/mikewcasale/Documents/GitHub/bancorprotocol/fastlane-bot/fastlane_bot/events/interface.py', 60, 'cfg')",150,4.1535e-05,4.1535e-05
"('/Users/mikewcasale/Documents/GitHub/bancorprotocol/fastlane-bot/fastlane_bot/events/interface.py', 94, '<listcomp>')",6,0.001359458,0.001359458
"('/Users/mikewcasale/Documents/GitHub/bancorprotocol/fastlane-bot/fastlane_bot/events/interface.py', 91, 'remove_unsupported_exchanges')",6,0.000147176,0.013148751
"('/Users/mikewcasale/Documents/GitHub/bancorprotocol/fastlane-bot/fastlane_bot/events/interface.py', 107, 'has_balance')",28698,0.013315827,0.013315827
"('/Users/mikewcasale/Documents/GitHub/bancorprotocol/fastlane-bot/fastlane_bot/events/interface.py', 145, '<listcomp>')",42,0.024006284000000003,0.079521748
"('/Users/mikewcasale/Documents/GitHub/bancorprotocol/fastlane-bot/fastlane_bot/events/interface.py', 152, '<listcomp>')",36,0.008788253000000001,0.008788253000000001
"('/Users/mikewcasale/Documents/GitHub/bancorprotocol/fastlane-bot/fastlane_bot/events/interface.py', 127, 'filter_pools')",78,0.000190292,0.08850029300000001
"('/Users/mikewcasale/Documents/GitHub/bancorprotocol/fastlane-bot/fastlane_bot/events/interface.py', 156, 'log_pool_numbers')",138,0.000360172,0.009149498
"('/Users/mikewcasale/Documents/GitHub/bancorprotocol/fastlane-bot/fastlane_bot/events/interface.py', 197, '<listcomp>')",6,0.000538707,0.08025083200000001
"('/Users/mikewcasale/Documents/GitHub/bancorprotocol/fastlane-bot/fastlane_bot/events/interface.py', 205, '<listcomp>')",42,0.004340875,0.004340875
"('/Users/mikewcasale/Documents/GitHub/bancorprotocol/fastlane-bot/fastlane_bot/events/interface.py', 209, '<listcomp>')",6,0.791089461,0.791089461
"('/Users/mikewcasale/Documents/GitHub/bancorprotocol/fastlane-bot/fastlane_bot/events/interface.py', 215, '<listcomp>')",42,0.015992294,0.015992294
"('/Users/mikewcasale/Documents/GitHub/bancorprotocol/fastlane-bot/fastlane_bot/events/interface.py', 171, 'remove_zero_liquidity_pools')",6,0.0005101680000000001,0.897859625
"('/Users/mikewcasale/Documents/GitHub/bancorprotocol/fastlane-bot/fastlane_bot/events/interface.py', 229, '<listcomp>')",6,0.015745084,0.015745084
"('/Users/mikewcasale/Documents/GitHub/bancorprotocol/fastlane-bot/fastlane_bot/events/interface.py', 223, 'remove_unmapped_uniswap_v2_pools')",6,0.00010287500000000001,1.9200092910000002
"('/Users/mikewcasale/Documents/GitHub/bancorprotocol/fastlane-bot/fastlane_bot/events/interface.py', 247, '<listcomp>')",6,1.8989405410000002,1.8989405410000002
"('/Users/mikewcasale/Documents/GitHub/bancorprotocol/fastlane-bot/fastlane_bot/events/interface.py', 249, '<listcomp>')",6,0.00082246,0.00082246
"('/Users/mikewcasale/Documents/GitHub/bancorprotocol/fastlane-bot/fastlane_bot/events/interface.py', 253, '<listcomp>')",6,0.000402293,0.000402293
"('/Users/mikewcasale/Documents/GitHub/bancorprotocol/fastlane-bot/fastlane_bot/events/interface.py', 257, '<listcomp>')",6,0.00028366700000000003,0.00028366700000000003
"('/Users/mikewcasale/Documents/GitHub/bancorprotocol/fastlane-bot/fastlane_bot/events/interface.py', 243, 'log_umapped_pools_by_exchange')",6,0.000156954,1.902990042
"('/Users/mikewcasale/Documents/GitHub/bancorprotocol/fastlane-bot/fastlane_bot/events/interface.py', 285, 'cleanup_token_key')",64051,0.074154842,0.079777925
"('/Users/mikewcasale/Documents/GitHub/bancorprotocol/fastlane-bot/fastlane_bot/events/interface.py', 309, 'handle_token_key_cleanup')",6,0.056962823,0.234293875
"('/Users/mikewcasale/Documents/GitHub/bancorprotocol/fastlane-bot/fastlane_bot/events/interface.py', 348, '<listcomp>')",6,0.002089737,0.144496499
"('/Users/mikewcasale/Documents/GitHub/bancorprotocol/fastlane-bot/fastlane_bot/events/interface.py', 343, 'get_pool_data_with_tokens')",6,2.3461e-05,0.14451996
"('/Users/mikewcasale/Documents/GitHub/bancorprotocol/fastlane-bot/fastlane_bot/events/interface.py', 374, '<dictcomp>')",8435,0.037627903000000004,0.052960073
"('/Users/mikewcasale/Documents/GitHub/bancorprotocol/fastlane-bot/fastlane_bot/events/interface.py', 353, 'create_pool_and_tokens')",8435,0.04877344,0.12818379700000002
"('/Users/mikewcasale/Documents/GitHub/bancorprotocol/fastlane-bot/fastlane_bot/events/interface.py', 418, 'get_tokens')",6,0.009346955,0.08955170800000001
"('/Users/mikewcasale/Documents/GitHub/bancorprotocol/fastlane-bot/fastlane_bot/events/interface.py', 434, 'create_token')",16870,0.031996996,0.043397421000000005
"('/Users/mikewcasale/Documents/GitHub/bancorprotocol/fastlane-bot/fastlane_bot/helpers/poolandtokens.py', 127, '__post_init__')",8435,0.006540628000000001,0.006540628000000001
"('/Users/mikewcasale/Documents/GitHub/bancorprotocol/fastlane-bot/fastlane_bot/helpers/poolandtokens.py', 139, 'to_cpc')",8435,0.015588335000000002,0.7410054770000001
"('/Users/mikewcasale/Documents/GitHub/bancorprotocol/fastlane-bot/fastlane_bot/helpers/poolandtokens.py', 159, '_params')",9689,0.007450600000000001,0.007450600000000001
"('/Users/mikewcasale/Documents/GitHub/bancorprotocol/fastlane-bot/fastlane_bot/helpers/poolandtokens.py', 173, '_other_to_cpc')",4619,0.017502934,0.11946513500000001
"('/Users/mikewcasale/Documents/GitHub/bancorprotocol/fastlane-bot/fastlane_bot/helpers/poolandtokens.py', 251, 'decimal_converter')",2508,0.0017235470000000002,0.0017235470000000002
"('/Users/mikewcasale/Documents/GitHub/bancorprotocol/fastlane-bot/fastlane_bot/helpers/poolandtokens.py', 205, '_carbon_to_cpc')",1254,0.040922632,0.10499554400000001
"('/Users/mikewcasale/Documents/GitHub/bancorprotocol/fastlane-bot/fastlane_bot/helpers/poolandtokens.py', 312, '_univ3_to_cpc')",2562,0.018920999,0.42032961300000005
"('/Users/mikewcasale/Documents/GitHub/bancorprotocol/fastlane-bot/fastlane_bot/helpers/poolandtokens.py', 352, 'convert_decimals')",9238,0.010730082,0.010730082
"('/Users/mikewcasale/Documents/GitHub/bancorprotocol/fastlane-bot/fastlane_bot/helpers/poolandtokens.py', 370, '<lambda>')",49913,0.011526982,0.013335764000000002
"('/Users/mikewcasale/Documents/GitHub/bancorprotocol/fastlane-bot/fastlane_bot/helpers/poolandtokens.py', 371, '<dictcomp>')",6377,0.008308249,0.021644013
"('/Users/mikewcasale/Documents/GitHub/bancorprotocol/fastlane-bot/fastlane_bot/helpers/poolandtokens.py', 365, '_convert_to_float')",6377,0.0054988070000000005,0.02741758
"('/Users/mikewcasale/Documents/GitHub/bancorprotocol/fastlane-bot/fastlane_bot/helpers/univ3calc.py', 48, 'from_dict')",2562,0.002578625,0.31123810500000004
"('/Users/mikewcasale/Documents/GitHub/bancorprotocol/fastlane-bot/fastlane_bot/tools/cpc.py', 371, '__post_init__')",8861,0.030226282,0.061022984
"('/Users/mikewcasale/Documents/GitHub/bancorprotocol/fastlane-bot/fastlane_bot/helpers/univ3calc.py', 82, '<dictcomp>')",2562,0.228425962,0.228425962
"('/Users/mikewcasale/Documents/GitHub/bancorprotocol/fastlane-bot/fastlane_bot/helpers/univ3calc.py', 76, '__post_init__')",2562,0.018629944000000002,0.305102555
"('/Users/mikewcasale/Documents/GitHub/bancorprotocol/fastlane-bot/fastlane_bot/helpers/univ3calc.py', 114, 'pair')",2562,0.000670598,0.000670598
"('/Users/mikewcasale/Documents/GitHub/bancorprotocol/fastlane-bot/fastlane_bot/helpers/univ3calc.py', 119, 'fee')",2562,0.000385426,0.000385426
"('/Users/mikewcasale/Documents/GitHub/bancorprotocol/fastlane-bot/fastlane_bot/helpers/univ3calc.py', 124, 'ticksize')",7686,0.001120244,0.001120244
"('/Users/mikewcasale/Documents/GitHub/bancorprotocol/fastlane-bot/fastlane_bot/helpers/univ3calc.py', 129, 'tickab')",2562,0.001636595,0.002756839
"('/Users/mikewcasale/Documents/GitHub/bancorprotocol/fastlane-bot/fastlane_bot/helpers/univ3calc.py', 135, 'tkn0dec')",12810,0.001220725,0.001220725
"('/Users/mikewcasale/Documents/GitHub/bancorprotocol/fastlane-bot/fastlane_bot/helpers/univ3calc.py', 140, 'tkn1dec')",12810,0.0011259150000000001,0.0011259150000000001
"('/Users/mikewcasale/Documents/GitHub/bancorprotocol/fastlane-bot/fastlane_bot/helpers/univ3calc.py', 145, 'papb_raw')",2562,0.0011728110000000002,0.003929650000000001
"('/Users/mikewcasale/Documents/GitHub/bancorprotocol/fastlane-bot/fastlane_bot/helpers/univ3calc.py', 151, 'papb_tkn1_per_tkn0')",2562,0.0015597690000000001,0.00824911
"('/Users/mikewcasale/Documents/GitHub/bancorprotocol/fastlane-bot/fastlane_bot/helpers/univ3calc.py', 164, 'dec_factor_wei0_per_wei1')",7686,0.002674061,0.003998416
"('/Users/mikewcasale/Documents/GitHub/bancorprotocol/fastlane-bot/fastlane_bot/helpers/univ3calc.py', 170, '_price_f')",2562,0.0017857370000000001,0.0017857370000000001
"('/Users/mikewcasale/Documents/GitHub/bancorprotocol/fastlane-bot/fastlane_bot/helpers/univ3calc.py', 175, 'price_tkn1_per_tkn0')",2562,0.001061315,0.0040857770000000005
"('/Users/mikewcasale/Documents/GitHub/bancorprotocol/fastlane-bot/fastlane_bot/helpers/univ3calc.py', 195, 'L')",2562,0.001559634,0.0019733520000000003
"('/Users/mikewcasale/Documents/GitHub/bancorprotocol/fastlane-bot/fastlane_bot/helpers/univ3calc.py', 247, 'cpc_params')",2562,0.006046076,0.021647343000000003
"('/Users/mikewcasale/Documents/GitHub/bancorprotocol/fastlane-bot/fastlane_bot/tools/cpc.py', 417, 'P')",1860,0.001375052,0.0015759090000000001
"('/Users/mikewcasale/Documents/GitHub/bancorprotocol/fastlane-bot/fastlane_bot/tools/cpc.py', 447, 'is_constant_product')",11252794,1.492219387,2.304945001
"('/Users/mikewcasale/Documents/GitHub/bancorprotocol/fastlane-bot/fastlane_bot/tools/cpc.py', 451, 'is_symmetric')",11252794,0.8127256140000001,0.8127256140000001
"('/Users/mikewcasale/Documents/GitHub/bancorprotocol/fastlane-bot/fastlane_bot/tools/cpc.py', 463, 'is_unlevered')",7611044,0.8945641750000001,0.9417550870000001
"('/Users/mikewcasale/Documents/GitHub/bancorprotocol/fastlane-bot/fastlane_bot/tools/cpc.py', 471, 'set_tokenscale')",44567,0.014468849,0.014468849
"('/Users/mikewcasale/Documents/GitHub/bancorprotocol/fastlane-bot/fastlane_bot/utils.py', 41, 'num_format')",427,0.00028571600000000004,0.001902709
"('/Users/mikewcasale/Documents/GitHub/bancorprotocol/fastlane-bot/fastlane_bot/tools/cpc.py', 722, 'from_pkpp')",2562,0.013300417,0.03999876
"('/Users/mikewcasale/Documents/GitHub/bancorprotocol/fastlane-bot/fastlane_bot/tools/cpc.py', 761, 'from_univ2')",4619,0.021374031,0.06064317600000001
"('/Users/mikewcasale/Documents/GitHub/bancorprotocol/fastlane-bot/fastlane_bot/tools/cpc.py', 816, 'from_univ3')",2562,0.013754678000000001,0.060899867
"('/Users/mikewcasale/Documents/GitHub/bancorprotocol/fastlane-bot/fastlane_bot/tools/cpc.py', 851, 'from_carbon')",1758,0.02034566,0.036126166
"('/Users/mikewcasale/Documents/GitHub/bancorprotocol/fastlane-bot/fastlane_bot/tools/cpc.py', 1045, 'tknb')",34989,0.007935573000000001,0.010673476000000001
"('/Users/mikewcasale/Documents/GitHub/bancorprotocol/fastlane-bot/fastlane_bot/tools/cpc.py', 1052, 'tknq')",34713,0.007686936,0.010292958000000001
"('/Users/mikewcasale/Documents/GitHub/bancorprotocol/fastlane-bot/fastlane_bot/tools/cpc.py', 1059, 'tknbp')",794,0.00047345000000000004,0.001407014
"('/Users/mikewcasale/Documents/GitHub/bancorprotocol/fastlane-bot/fastlane_bot/tools/cpc.py', 1066, 'tknqp')",794,0.000449006,0.0013346030000000002
"('/Users/mikewcasale/Documents/GitHub/bancorprotocol/fastlane-bot/fastlane_bot/tools/cpc.py', 1073, 'pairp')",451,0.000350014,0.001983551
"('/Users/mikewcasale/Documents/GitHub/bancorprotocol/fastlane-bot/fastlane_bot/tools/cpc.py', 1094, 'y')",2935600,0.8238550840000001,1.418247714
"('/Users/mikewcasale/Documents/GitHub/bancorprotocol/fastlane-bot/fastlane_bot/tools/cpc.py', 1104, 'p')",7398,0.002721976,0.008800032000000001
"('/Users/mikewcasale/Documents/GitHub/bancorprotocol/fastlane-bot/fastlane_bot/tools/cpc.py', 1237, 'kbar')",398966,0.11190166900000001,0.21008173300000002
"('/Users/mikewcasale/Documents/GitHub/bancorprotocol/fastlane-bot/fastlane_bot/tools/cpc.py', 1268, 'x_min')",3245763,1.1069027980000001,2.1742800140000003
"('/Users/mikewcasale/Documents/GitHub/bancorprotocol/fastlane-bot/fastlane_bot/tools/cpc.py', 1300, 'y_min')",2454255,1.061166397,3.034115857
"('/Users/mikewcasale/Documents/GitHub/bancorprotocol/fastlane-bot/fastlane_bot/tools/cpc.py', 1309, 'x_max')",823595,0.511079704,2.794753742
"('/Users/mikewcasale/Documents/GitHub/bancorprotocol/fastlane-bot/fastlane_bot/tools/cpc.py', 1321, 'y_max')",1087431,0.607016674,2.3484365400000002
"('/Users/mikewcasale/Documents/GitHub/bancorprotocol/fastlane-bot/fastlane_bot/tools/cpc.py', 1393, 'xyfromp_f')",398966,0.9791658940000001,8.224263182000001
"('/Users/mikewcasale/Documents/GitHub/bancorprotocol/fastlane-bot/fastlane_bot/tools/cpc.py', 1456, 'dxdyfromp_f')",398966,0.20943039500000002,8.630417107000001
"('/Users/mikewcasale/Documents/GitHub/bancorprotocol/fastlane-bot/fastlane_bot/tools/cpc.py', 1564, 'isbigger')",17722,0.004010426,0.004010426
"('/Users/mikewcasale/Documents/GitHub/bancorprotocol/fastlane-bot/fastlane_bot/tools/cpc.py', 1606, '<listcomp>')",36758,0.007760025,0.007760025
"('/Users/mikewcasale/Documents/GitHub/bancorprotocol/fastlane-bot/fastlane_bot/tools/cpc.py', 1617, '<dictcomp>')",36758,0.007987928,0.007987928
"('/Users/mikewcasale/Documents/GitHub/bancorprotocol/fastlane-bot/fastlane_bot/tools/cpc.py', 1618, '<dictcomp>')",36758,0.011090215,0.032855103000000004
"('/Users/mikewcasale/Documents/GitHub/bancorprotocol/fastlane-bot/fastlane_bot/tools/cpc.py', 1597, '__post_init__')",36758,0.099927813,4.114694126
"('/Users/mikewcasale/Documents/GitHub/bancorprotocol/fastlane-bot/fastlane_bot/tools/cpc.py', 1754, '__iter__')",37161,0.007530571000000001,0.009334204
"('/Users/mikewcasale/Documents/GitHub/bancorprotocol/fastlane-bot/fastlane_bot/tools/cpc.py', 1757, '__len__')",35022,0.007022277,0.008391659000000001
"('/Users/mikewcasale/Documents/GitHub/bancorprotocol/fastlane-bot/fastlane_bot/tools/cpc.py', 1760, '__getitem__')",862,0.000191134,0.000191134
"('/Users/mikewcasale/Documents/GitHub/bancorprotocol/fastlane-bot/fastlane_bot/tools/cpc.py', 1770, '<setcomp>')",6,0.001070381,0.0027729580000000003
"('/Users/mikewcasale/Documents/GitHub/bancorprotocol/fastlane-bot/fastlane_bot/tools/cpc.py', 1766, 'tknys')",6,4.457000000000001e-06,0.002777415
"('/Users/mikewcasale/Documents/GitHub/bancorprotocol/fastlane-bot/fastlane_bot/tools/cpc.py', 1782, '<setcomp>')",6,0.001186727,0.003268706
"('/Users/mikewcasale/Documents/GitHub/bancorprotocol/fastlane-bot/fastlane_bot/tools/cpc.py', 1778, 'tknxs')",6,6.419000000000001e-06,0.0032751250000000003
"('/Users/mikewcasale/Documents/GitHub/bancorprotocol/fastlane-bot/fastlane_bot/tools/cpc.py', 1790, 'tkns')",6,8.1792e-05,0.006251916000000001
"('/Users/mikewcasale/Documents/GitHub/bancorprotocol/fastlane-bot/fastlane_bot/tools/cpc.py', 2167, '_convert')",36287,0.021600948000000002,4.00383362
"('/Users/mikewcasale/Documents/GitHub/bancorprotocol/fastlane-bot/fastlane_bot/tools/cpc.py', 2216, '<genexpr>')",1348,0.102454529,0.102454529
"('/Users/mikewcasale/Documents/GitHub/bancorprotocol/fastlane-bot/fastlane_bot/tools/cpc.py', 2219, '<genexpr>')",1318,0.104648932,0.104648932
"('/Users/mikewcasale/Documents/GitHub/bancorprotocol/fastlane-bot/fastlane_bot/tools/cpc.py', 2214, 'bypair')",403,0.024021974,0.260377442
"('/Users/mikewcasale/Documents/GitHub/bancorprotocol/fastlane-bot/fastlane_bot/tools/cpc.py', 2242, '<genexpr>')",70962,0.011801411000000001,0.014426991
"('/Users/mikewcasale/Documents/GitHub/bancorprotocol/fastlane-bot/fastlane_bot/tools/cpc.py', 2245, '<genexpr>')",47970,3.5212948390000003,3.5212948390000003
"('/Users/mikewcasale/Documents/GitHub/bancorprotocol/fastlane-bot/fastlane_bot/tools/cpc.py', 2226, 'bypairs')",35481,0.064914127,3.8726296020000004
"('/Users/mikewcasale/Documents/GitHub/bancorprotocol/fastlane-bot/fastlane_bot/tools/cpc.py', 2267, '<genexpr>')",806,0.0007316470000000001,0.002307556
"('/Users/mikewcasale/Documents/GitHub/bancorprotocol/fastlane-bot/fastlane_bot/tools/cpc.py', 2248, 'byparams')",403,0.0009029040000000001,0.010220377000000001
"('/Users/mikewcasale/Documents/GitHub/bancorprotocol/fastlane-bot/fastlane_bot/tools/cpc.py', 2734, '<genexpr>')",3727,0.001369168,0.00894909
"('/Users/mikewcasale/Documents/GitHub/bancorprotocol/fastlane-bot/fastlane_bot/tools/cpc.py', 2725, 'wrap')",459,0.000677782,0.009776166000000001
"('/Users/mikewcasale/Documents/GitHub/bancorprotocol/fastlane-bot/fastlane_bot/tools/cpc.py', 2744, '<genexpr>')",72464,0.022337024,3.754638261
"('/Users/mikewcasale/Documents/GitHub/bancorprotocol/fastlane-bot/fastlane_bot/tools/cpc.py', 2739, 'unwrap')",36758,0.017918411000000002,3.7725566720000003
"('/Users/mikewcasale/Documents/GitHub/bancorprotocol/fastlane-bot/fastlane_bot/tools/cpc.py', 2749, 'cid')",13668,0.0025221410000000003,0.0025221410000000003
"('/Users/mikewcasale/Documents/GitHub/bancorprotocol/fastlane-bot/fastlane_bot/tools/cpc.py', 2761, 'tknx')",1664,0.000535347,0.001257838
"('/Users/mikewcasale/Documents/GitHub/bancorprotocol/fastlane-bot/fastlane_bot/tools/cpc.py', 2765, 'tkny')",1498,0.000376185,0.000889164
"('/Users/mikewcasale/Documents/GitHub/bancorprotocol/fastlane-bot/fastlane_bot/tools/cpc.py', 2769, 'tknb')",14048,0.003388209,0.008050173
"('/Users/mikewcasale/Documents/GitHub/bancorprotocol/fastlane-bot/fastlane_bot/tools/cpc.py', 2773, 'tknq')",14048,0.003098393,0.007103460000000001
"('/Users/mikewcasale/Documents/GitHub/bancorprotocol/fastlane-bot/fastlane_bot/tools/cpc.py', 2777, 'tknbp')",343,0.000146964,0.000783247
"('/Users/mikewcasale/Documents/GitHub/bancorprotocol/fastlane-bot/fastlane_bot/tools/cpc.py', 2781, 'tknqp')",343,0.000135835,0.000607632
"('/Users/mikewcasale/Documents/GitHub/bancorprotocol/fastlane-bot/fastlane_bot/tools/cpc.py', 2785, 'p')",4030,0.001067145,0.005153589
"('/Users/mikewcasale/Documents/GitHub/bancorprotocol/fastlane-bot/fastlane_bot/tools/cpc.py', 2812, 'pair')",2358,0.001032615,0.0034631
"('/Users/mikewcasale/Documents/GitHub/bancorprotocol/fastlane-bot/fastlane_bot/tools/cpc.py', 2821, 'pairp')",343,0.000249247,0.001640126
"('/Users/mikewcasale/Documents/GitHub/bancorprotocol/fastlane-bot/fastlane_bot/tools/cpc.py', 2889, 'dxdyfromp_f')",253691,0.1422795,5.7239587510000005
"('/Users/mikewcasale/Documents/GitHub/bancorprotocol/fastlane-bot/fastlane_bot/tools/simplepair.py', 25, '__post_init__')",8861,0.005192117,0.006726438
"('/Users/mikewcasale/Documents/GitHub/bancorprotocol/fastlane-bot/fastlane_bot/tools/simplepair.py', 47, '__str__')",35645,0.007120813,0.007120813
"('/Users/mikewcasale/Documents/GitHub/bancorprotocol/fastlane-bot/fastlane_bot/tools/simplepair.py', 50, 'pair')",35645,0.008308668,0.015429481
"('/Users/mikewcasale/Documents/GitHub/bancorprotocol/fastlane-bot/fastlane_bot/tools/simplepair.py', 60, 'pairr')",21804,0.004431792,0.004431792
"('/Users/mikewcasale/Documents/GitHub/bancorprotocol/fastlane-bot/fastlane_bot/tools/simplepair.py', 105, 'n')",123022,0.051214795,0.076408216
"('/Users/mikewcasale/Documents/GitHub/bancorprotocol/fastlane-bot/fastlane_bot/tools/simplepair.py', 112, 'tknb_n')",60717,0.012689825,0.047589049
"('/Users/mikewcasale/Documents/GitHub/bancorprotocol/fastlane-bot/fastlane_bot/tools/simplepair.py', 116, 'tknq_n')",60717,0.014332358000000002,0.054468819
"('/Users/mikewcasale/Documents/GitHub/bancorprotocol/fastlane-bot/fastlane_bot/tools/simplepair.py', 133, 'isprimary')",60717,0.036693276000000004,0.14640999500000001
"('/Users/mikewcasale/Documents/GitHub/bancorprotocol/fastlane-bot/fastlane_bot/tools/simplepair.py', 158, 'primary')",57449,0.022073291000000002,0.18113363600000001
"('/Users/mikewcasale/Documents/GitHub/bancorprotocol/fastlane-bot/fastlane_bot/tools/cpcbase.py', 29, '__init__')",13103,0.01073431,0.01073431
"('/Users/mikewcasale/Documents/GitHub/bancorprotocol/fastlane-bot/fastlane_bot/utils.py', 219, 'decodeFloat')",10032,0.0019615450000000003,0.0019615450000000003
"('/Users/mikewcasale/Documents/GitHub/bancorprotocol/fastlane-bot/fastlane_bot/utils.py', 224, 'decode')",10032,0.0033901720000000003,0.005351717000000001
"('/Users/mikewcasale/Documents/GitHub/bancorprotocol/fastlane-bot/fastlane_bot/utils.py', 315, 'A_')",2508,0.000527036,0.0016707870000000002
"('/Users/mikewcasale/Documents/GitHub/bancorprotocol/fastlane-bot/fastlane_bot/utils.py', 319, 'B_')",7524,0.0014806300000000001,0.005688596000000001
"('/Users/mikewcasale/Documents/GitHub/bancorprotocol/fastlane-bot/fastlane_bot/utils.py', 323, 'p_end')",2508,0.0006798090000000001,0.004108140000000001
"('/Users/mikewcasale/Documents/GitHub/bancorprotocol/fastlane-bot/fastlane_bot/utils.py', 327, 'p_start')",2508,0.0010596540000000002,0.004990706
"('/Users/mikewcasale/Documents/GitHub/bancorprotocol/fastlane-bot/fastlane_bot/utils.py', 476, 'find_latest_timestamped_folder')",1,5.5420000000000005e-06,0.000159292
"('/Users/mikewcasale/Documents/GitHub/bancorprotocol/fastlane-bot/fastlane_bot/helpers/submithandler.py', 70, '__post_init__')",6,5.5582000000000004e-05,0.018211540000000002
"('/Users/mikewcasale/Documents/GitHub/bancorprotocol/fastlane-bot/fastlane_bot/helpers/txhelpers.py', 254, '__post_init__')",7,0.000177369,1.151632875
"('/Users/mikewcasale/Documents/GitHub/bancorprotocol/fastlane-bot/fastlane_bot/helpers/txhelpers.py', 638, 'get_nonce')",7,3.5669e-05,1.118953459
"('/Users/mikewcasale/Documents/GitHub/bancorprotocol/fastlane-bot/fastlane_bot/tools/optimizer/cpcarboptimizer.py', 76, 'curve_container')",459,9.2552e-05,9.2552e-05
"('/Users/mikewcasale/Documents/GitHub/bancorprotocol/fastlane-bot/fastlane_bot/tools/optimizer/cpcarboptimizer.py', 65, '__init__')",459,0.0006019910000000001,0.000628112
"('/Users/mikewcasale/Documents/GitHub/bancorprotocol/fastlane-bot/fastlane_bot/tools/optimizer/pairoptimizer.py', 89, '<lambda>')",380190,0.077765874,0.169193956
"('/Users/mikewcasale/Documents/GitHub/bancorprotocol/fastlane-bot/fastlane_bot/tools/optimizer/cpcarboptimizer.py', 264, '__post_init__')",2292,0.00484312,0.004965654
"('/Users/mikewcasale/Documents/GitHub/bancorprotocol/fastlane-bot/fastlane_bot/tools/optimizer/cpcarboptimizer.py', 309, 'new')",2292,0.0044399700000000005,0.011874009000000001
"('/Users/mikewcasale/Documents/GitHub/bancorprotocol/fastlane-bot/fastlane_bot/tools/optimizer/cpcarboptimizer.py', 352, '<genexpr>')",1176,0.000815899,0.027856035
"('/Users/mikewcasale/Documents/GitHub/bancorprotocol/fastlane-bot/fastlane_bot/tools/optimizer/cpcarboptimizer.py', 348, 'to_dicts')",427,0.00041087100000000004,0.028266906
"('/Users/mikewcasale/Documents/GitHub/bancorprotocol/fastlane-bot/fastlane_bot/tools/optimizer/cpcarboptimizer.py', 366, '<genexpr>')",1241,0.0017295280000000001,0.005939039
"('/Users/mikewcasale/Documents/GitHub/bancorprotocol/fastlane-bot/fastlane_bot/tools/optimizer/cpcarboptimizer.py', 354, 'to_df')",447,0.053685336,1.9528004060000002
"('/Users/mikewcasale/Documents/GitHub/bancorprotocol/fastlane-bot/fastlane_bot/tools/optimizer/cpcarboptimizer.py', 431, 'to_format')",1301,0.004434202,1.9976697090000002
"('/Users/mikewcasale/Documents/GitHub/bancorprotocol/fastlane-bot/fastlane_bot/tools/optimizer/cpcarboptimizer.py', 534, '<dictcomp>')",447,0.00024736800000000003,0.00024736800000000003
"('/Users/mikewcasale/Documents/GitHub/bancorprotocol/fastlane-bot/fastlane_bot/tools/optimizer/cpcarboptimizer.py', 523, '__post_init__')",447,0.004238609,0.005928448
"('/Users/mikewcasale/Documents/GitHub/bancorprotocol/fastlane-bot/fastlane_bot/tools/optimizer/cpcarboptimizer.py', 543, 'p_optimal')",56775,0.005834361000000001,0.005834361000000001
"('/Users/mikewcasale/Documents/GitHub/bancorprotocol/fastlane-bot/fastlane_bot/tools/optimizer/cpcarboptimizer.py', 548, 'is_error')",3903,0.000781848,0.000781848
"('/Users/mikewcasale/Documents/GitHub/bancorprotocol/fastlane-bot/fastlane_bot/tools/optimizer/cpcarboptimizer.py', 558, 'price')",18776,0.012453415,0.020814638
"('/Users/mikewcasale/Documents/GitHub/bancorprotocol/fastlane-bot/fastlane_bot/tools/optimizer/cpcarboptimizer.py', 571, '<genexpr>')",21378,0.0194917,0.537066083
"('/Users/mikewcasale/Documents/GitHub/bancorprotocol/fastlane-bot/fastlane_bot/tools/optimizer/cpcarboptimizer.py', 577, '<genexpr>')",21378,0.005037664000000001,0.5421037470000001
"('/Users/mikewcasale/Documents/GitHub/bancorprotocol/fastlane-bot/fastlane_bot/tools/optimizer/cpcarboptimizer.py', 565, 'dxdyvalues')",2602,0.0048868010000000005,0.5474191820000001
"('/Users/mikewcasale/Documents/GitHub/bancorprotocol/fastlane-bot/fastlane_bot/tools/optimizer/cpcarboptimizer.py', 595, '<genexpr>')",10689,0.0015165130000000001,0.0015165130000000001
"('/Users/mikewcasale/Documents/GitHub/bancorprotocol/fastlane-bot/fastlane_bot/tools/optimizer/cpcarboptimizer.py', 593, 'dxvalues')",1301,0.002011101,0.304606031
"('/Users/mikewcasale/Documents/GitHub/bancorprotocol/fastlane-bot/fastlane_bot/tools/optimizer/cpcarboptimizer.py', 599, '<genexpr>')",10689,0.001388462,0.001388462
"('/Users/mikewcasale/Documents/GitHub/bancorprotocol/fastlane-bot/fastlane_bot/tools/optimizer/cpcarboptimizer.py', 597, 'dyvalues')",1301,0.001544386,0.249273613
"('/Users/mikewcasale/Documents/GitHub/bancorprotocol/fastlane-bot/fastlane_bot/tools/optimizer/cpcarboptimizer.py', 620, '<genexpr>')",3593,0.004606413,0.018625493
"('/Users/mikewcasale/Documents/GitHub/bancorprotocol/fastlane-bot/fastlane_bot/tools/optimizer/cpcarboptimizer.py', 610, 'trade_instructions')",1301,0.006699921,2.558602488
"('/Users/mikewcasale/Documents/GitHub/bancorprotocol/fastlane-bot/fastlane_bot/tools/optimizer/pairoptimizer.py', 84, '<genexpr>')",3727,0.0008101530000000001,0.0036874190000000004
"('/Users/mikewcasale/Documents/GitHub/bancorprotocol/fastlane-bot/fastlane_bot/tools/optimizer/dcbase.py', 18, 'asdict')",749,0.000427536,0.020554996000000002
"('/Users/mikewcasale/Documents/GitHub/bancorprotocol/fastlane-bot/fastlane_bot/tools/optimizer/base.py', 82, '__post_init__')",447,0.000488961,0.001442471
"('/Users/mikewcasale/Documents/GitHub/bancorprotocol/fastlane-bot/fastlane_bot/tools/optimizer/base.py', 138, '__float__')",894,0.0005801080000000001,0.000847898
"('/Users/mikewcasale/Documents/GitHub/bancorprotocol/fastlane-bot/fastlane_bot/tools/optimizer/base.py', 143, 'is_error')",1341,0.000350878,0.000350878
"('/Users/mikewcasale/Documents/GitHub/bancorprotocol/fastlane-bot/fastlane_bot/tools/optimizer/base.py', 235, 'goalseek')",459,0.038471454,8.788107239
"('/Users/mikewcasale/Documents/GitHub/bancorprotocol/fastlane-bot/fastlane_bot/tools/optimizer/pairoptimizer.py', 95, '<genexpr>')",427041,0.154928601,8.619904360000001
"('/Users/mikewcasale/Documents/GitHub/bancorprotocol/fastlane-bot/fastlane_bot/tools/optimizer/pairoptimizer.py', 95, '<lambda>')",46851,0.014606387,8.80723
"('/Users/mikewcasale/Documents/GitHub/bancorprotocol/fastlane-bot/fastlane_bot/tools/optimizer/pairoptimizer.py', 128, '<listcomp>')",459,0.000762079,0.005110136
"('/Users/mikewcasale/Documents/GitHub/bancorprotocol/fastlane-bot/fastlane_bot/tools/optimizer/pairoptimizer.py', 129, '<listcomp>')",459,0.00056711,0.004249622000000001
"('/Users/mikewcasale/Documents/GitHub/bancorprotocol/fastlane-bot/fastlane_bot/tools/optimizer/pairoptimizer.py', 136, '<lambda>')",18682,0.006110165000000001,4.042050626
"('/Users/mikewcasale/Documents/GitHub/bancorprotocol/fastlane-bot/fastlane_bot/tools/optimizer/pairoptimizer.py', 143, '<lambda>')",27710,0.008990322,4.706984909
"('/Users/mikewcasale/Documents/GitHub/bancorprotocol/fastlane-bot/fastlane_bot/tools/optimizer/pairoptimizer.py', 154, '<lambda>')",894,0.000161062,0.000161062
"('/Users/mikewcasale/Documents/GitHub/bancorprotocol/fastlane-bot/fastlane_bot/tools/optimizer/pairoptimizer.py', 54, 'optimize')",459,0.015451391000000002,8.922460587
"('/Users/mikewcasale/Documents/GitHub/bancorprotocol/fastlane-bot/fastlane_bot/modes/pairwise_multi.py', 53, '<listcomp>')",1092,0.0015007640000000001,0.0015007640000000001
"('/Users/mikewcasale/Documents/GitHub/bancorprotocol/fastlane-bot/fastlane_bot/modes/pairwise_multi.py', 57, '<listcomp>')",1092,0.0006271930000000001,0.0006271930000000001
"('/Users/mikewcasale/Documents/GitHub/bancorprotocol/fastlane-bot/fastlane_bot/modes/pairwise_multi.py', 54, '<listcomp>')",1092,0.000807127,0.000807127
"('/Users/mikewcasale/Documents/GitHub/bancorprotocol/fastlane-bot/fastlane_bot/modes/pairwise_multi.py', 70, '<listcomp>')",432,0.001507103,0.0016469210000000002
"('/Users/mikewcasale/Documents/GitHub/bancorprotocol/fastlane-bot/fastlane_bot/modes/pairwise_multi.py', 101, '<listcomp>')",427,0.00021384300000000002,0.00021384300000000002
"('/Users/mikewcasale/Documents/GitHub/bancorprotocol/fastlane-bot/fastlane_bot/modes/pairwise_multi.py', 24, 'find_arbitrage')",6,0.045639629,16.003216293
"('/Users/mikewcasale/Documents/GitHub/bancorprotocol/fastlane-bot/fastlane_bot/modes/pairwise_multi.py', 151, '<listcomp>')",427,0.003081158,0.11697637200000001
"('/Users/mikewcasale/Documents/GitHub/bancorprotocol/fastlane-bot/fastlane_bot/modes/pairwise_multi.py', 133, 'get_wrong_direction_cids')",427,0.0006017090000000001,0.117578081
"('/Users/mikewcasale/Documents/GitHub/bancorprotocol/fastlane-bot/fastlane_bot/modes/pairwise_multi.py', 161, 'run_main_flow')",459,0.002842793,11.113755579000001
"('/Users/mikewcasale/Documents/GitHub/bancorprotocol/fastlane-bot/fastlane_bot/modes/pairwise_multi.py', 184, '<listcomp>')",15,2.3502000000000003e-05,2.3502000000000003e-05
"('/Users/mikewcasale/Documents/GitHub/bancorprotocol/fastlane-bot/fastlane_bot/modes/pairwise_multi.py', 178, 'process_wrong_direction_pools')",15,1.2413000000000001e-05,3.5915000000000004e-05
"('/Users/mikewcasale/Documents/GitHub/bancorprotocol/fastlane-bot/fastlane_bot/modes/base_pairwise.py', 52, '<listcomp>')",6,0.0074187490000000005,0.0074187490000000005
"('/Users/mikewcasale/Documents/GitHub/bancorprotocol/fastlane-bot/fastlane_bot/modes/base_pairwise.py', 29, 'get_combos')",6,0.000128546,0.013804667000000001
"('/Users/mikewcasale/Documents/GitHub/bancorprotocol/fastlane-bot/fastlane_bot/modes/base.py', 40, '__init__')",6,1.8501e-05,1.8501e-05
"('/Users/mikewcasale/Documents/GitHub/bancorprotocol/fastlane-bot/fastlane_bot/modes/base.py', 85, '_set_best_ops')",18,0.000237075,0.052549291000000005
"('/Users/mikewcasale/Documents/GitHub/bancorprotocol/fastlane-bot/fastlane_bot/modes/base.py', 131, 'calculate_profit')",427,0.005064299,0.280000797
"('/Users/mikewcasale/Documents/GitHub/bancorprotocol/fastlane-bot/fastlane_bot/modes/base.py', 153, 'get_netchange')",854,0.0036778880000000003,0.046625131
"('/Users/mikewcasale/Documents/GitHub/bancorprotocol/fastlane-bot/fastlane_bot/modes/base.py', 164, 'handle_candidates')",427,0.0044212470000000005,0.037043122000000005
"('/Users/mikewcasale/Documents/GitHub/bancorprotocol/fastlane-bot/fastlane_bot/modes/base.py', 214, 'find_best_operations')",427,0.001040768,0.072932129
"('/Users/mikewcasale/Documents/GitHub/bancorprotocol/fastlane-bot/fastlane_bot/events/managers/contracts.py', 38, 'init_exchange_contracts')",1,5.7541000000000004e-05,0.079178541
"('/Users/mikewcasale/Documents/GitHub/bancorprotocol/fastlane-bot/fastlane_bot/events/managers/events.py', 26, '<listcomp>')",14,0.00022895600000000002,0.00044441500000000003
"('/Users/mikewcasale/Documents/GitHub/bancorprotocol/fastlane-bot/fastlane_bot/events/managers/base.py', 79, '<lambda>')",1,7.5e-07,7.5e-07
"('/Users/mikewcasale/Documents/GitHub/bancorprotocol/fastlane-bot/fastlane_bot/events/managers/base.py', 93, 'fee_pairs')",1,7.92e-07,7.92e-07
"('/Users/mikewcasale/Documents/GitHub/bancorprotocol/fastlane-bot/fastlane_bot/events/managers/base.py', 106, 'fee_pairs')",1,2.25e-06,2.25e-06
"('/Users/mikewcasale/Documents/GitHub/bancorprotocol/fastlane-bot/fastlane_bot/events/managers/base.py', 119, '__post_init__')",1,1.125e-05,2.071016041
"('/Users/mikewcasale/Documents/GitHub/bancorprotocol/fastlane-bot/fastlane_bot/events/managers/base.py', 126, 'set_carbon_v1_fee_pairs')",1,8.333000000000001e-06,1.9918128750000001
"('/Users/mikewcasale/Documents/GitHub/bancorprotocol/fastlane-bot/fastlane_bot/events/managers/base.py', 164, '<dictcomp>')",2,0.000414619,0.041398333
"('/Users/mikewcasale/Documents/GitHub/bancorprotocol/fastlane-bot/fastlane_bot/events/managers/base.py', 173, '<dictcomp>')",2,0.000313295,0.036163875000000005
"('/Users/mikewcasale/Documents/GitHub/bancorprotocol/fastlane-bot/fastlane_bot/events/managers/base.py', 143, 'get_fee_pairs')",2,3.146e-05,3.263152126
"('/Users/mikewcasale/Documents/GitHub/bancorprotocol/fastlane-bot/fastlane_bot/events/managers/base.py', 200, '<genexpr>')",159574,0.21285937400000002,2.978222783
"('/Users/mikewcasale/Documents/GitHub/bancorprotocol/fastlane-bot/fastlane_bot/events/managers/base.py', 183, 'exchange_name_from_event')",135604,0.23300007600000003,3.2341744290000003
"('/Users/mikewcasale/Documents/GitHub/bancorprotocol/fastlane-bot/fastlane_bot/events/managers/base.py', 236, 'get_tkn_info')",722,0.0015034220000000001,0.09009262900000001
"('/Users/mikewcasale/Documents/GitHub/bancorprotocol/fastlane-bot/fastlane_bot/events/managers/base.py', 280, '<listcomp>')",1,0.002157458,0.002157458
"('/Users/mikewcasale/Documents/GitHub/bancorprotocol/fastlane-bot/fastlane_bot/events/managers/base.py', 260, 'get_rows_to_update')",1,6.999e-06,5.540398416
"('/Users/mikewcasale/Documents/GitHub/bancorprotocol/fastlane-bot/fastlane_bot/events/managers/base.py', 287, 'update_carbon')",1,0.000903949,5.538136416
"('/Users/mikewcasale/Documents/GitHub/bancorprotocol/fastlane-bot/fastlane_bot/events/managers/base.py', 380, '<listcomp>')",2,0.00024475,0.00024475
"('/Users/mikewcasale/Documents/GitHub/bancorprotocol/fastlane-bot/fastlane_bot/events/managers/base.py', 344, 'get_carbon_pairs')",2,0.0005146640000000001,0.8188249160000001
"('/Users/mikewcasale/Documents/GitHub/bancorprotocol/fastlane-bot/fastlane_bot/events/managers/base.py', 408, '<listcomp>')",2,5.6542e-05,5.6542e-05
"('/Users/mikewcasale/Documents/GitHub/bancorprotocol/fastlane-bot/fastlane_bot/events/managers/base.py', 386, 'get_carbon_pairs_by_contract')",2,2.2875e-05,0.817688375
"('/Users/mikewcasale/Documents/GitHub/bancorprotocol/fastlane-bot/fastlane_bot/events/managers/base.py', 427, 'create_or_get_carbon_controller')",2,1.2626e-05,4.1209000000000005e-05
"('/Users/mikewcasale/Documents/GitHub/bancorprotocol/fastlane-bot/fastlane_bot/events/managers/base.py', 496, '<listcomp>')",1,5.1125e-05,5.1125e-05
"('/Users/mikewcasale/Documents/GitHub/bancorprotocol/fastlane-bot/fastlane_bot/events/managers/base.py', 456, 'get_strats_by_contract')",1,0.00021462600000000001,3.3109894580000003
"('/Users/mikewcasale/Documents/GitHub/bancorprotocol/fastlane-bot/fastlane_bot/events/managers/base.py', 550, 'get_strategies')",1,6.750000000000001e-06,3.3111022080000003
"('/Users/mikewcasale/Documents/GitHub/bancorprotocol/fastlane-bot/fastlane_bot/events/managers/base.py', 580, 'get_fees_by_pair')",2,0.00028407700000000004,3.1854952090000004
"('/Users/mikewcasale/Documents/GitHub/bancorprotocol/fastlane-bot/fastlane_bot/events/managers/base.py', 636, '<genexpr>')",542,0.039183001,0.039183001
"('/Users/mikewcasale/Documents/GitHub/bancorprotocol/fastlane-bot/fastlane_bot/events/managers/base.py', 608, 'get_tkn_symbol_and_decimals')",722,0.001153525,0.051379483000000004
"('/Users/mikewcasale/Documents/GitHub/bancorprotocol/fastlane-bot/fastlane_bot/events/managers/base.py', 663, '<genexpr>')",1173,0.0006957220000000001,0.008859481
"('/Users/mikewcasale/Documents/GitHub/bancorprotocol/fastlane-bot/fastlane_bot/events/managers/base.py', 642, 'get_token_info_from_config')",722,0.0014308370000000001,0.010447118
"('/Users/mikewcasale/Documents/GitHub/bancorprotocol/fastlane-bot/fastlane_bot/events/managers/base.py', 780, '<lambda>')",37493,0.009486163,0.009486163
"('/Users/mikewcasale/Documents/GitHub/bancorprotocol/fastlane-bot/fastlane_bot/events/managers/base.py', 783, '<listcomp>')",7,0.008737895,0.010231417000000001
"('/Users/mikewcasale/Documents/GitHub/bancorprotocol/fastlane-bot/fastlane_bot/events/managers/base.py', 774, 'deduplicate_pool_data')",7,0.000438165,0.023453666
"('/Users/mikewcasale/Documents/GitHub/bancorprotocol/fastlane-bot/fastlane_bot/events/managers/events.py', 16, 'events')",14,4.2210000000000004e-05,0.000487833
"('/Users/mikewcasale/Documents/GitHub/bancorprotocol/fastlane-bot/fastlane_bot/config/multicaller.py', 18, 'cast')",2848,0.000314025,0.000314025
"('/Users/mikewcasale/Documents/GitHub/bancorprotocol/fastlane-bot/fastlane_bot/config/multicaller.py', 54, '<genexpr>')",7136,0.0017067150000000001,0.004869755
"('/Users/mikewcasale/Documents/GitHub/bancorprotocol/fastlane-bot/fastlane_bot/config/multicaller.py', 29, 'collapse_if_tuple')",2848,0.004499690000000001,0.009224069000000001
"('/Users/mikewcasale/Documents/GitHub/bancorprotocol/fastlane-bot/fastlane_bot/config/multicaller.py', 82, '<listcomp>')",2848,0.002649189,0.016351724
"('/Users/mikewcasale/Documents/GitHub/bancorprotocol/fastlane-bot/fastlane_bot/config/multicaller.py', 63, 'get_output_types_from_abi')",2848,0.013806815,0.030158539
"('/Users/mikewcasale/Documents/GitHub/bancorprotocol/fastlane-bot/fastlane_bot/config/multicaller.py', 111, '__init__')",17,1.2835000000000002e-05,1.2835000000000002e-05
"('/Users/mikewcasale/Documents/GitHub/bancorprotocol/fastlane-bot/fastlane_bot/config/multicaller.py', 117, '__enter__')",17,2.001e-06,2.001e-06
"('/Users/mikewcasale/Documents/GitHub/bancorprotocol/fastlane-bot/fastlane_bot/config/multicaller.py', 120, '__exit__')",17,0.0004967950000000001,9.312990917
"('/Users/mikewcasale/Documents/GitHub/bancorprotocol/fastlane-bot/fastlane_bot/config/multicaller.py', 124, 'add_call')",1424,0.000367881,0.000421989
"('/Users/mikewcasale/Documents/GitHub/bancorprotocol/fastlane-bot/fastlane_bot/config/multicaller.py', 155, '<listcomp>')",34,0.000155209,0.000155209
"('/Users/mikewcasale/Documents/GitHub/bancorprotocol/fastlane-bot/fastlane_bot/config/multicaller.py', 127, 'multicall')",34,0.012770462000000002,19.831229208
"('/Users/mikewcasale/Documents/GitHub/bancorprotocol/fastlane-bot/fastlane_bot/events/exchanges/bancor_v3.py', 33, 'get_events')",14,3.3874e-05,3.3874e-05
"('/Users/mikewcasale/Documents/GitHub/bancorprotocol/fastlane-bot/fastlane_bot/events/exchanges/bancor_v3.py', 30, 'get_abi')",1,1.2500000000000002e-07,1.2500000000000002e-07
"('/Users/mikewcasale/Documents/GitHub/bancorprotocol/fastlane-bot/fastlane_bot/events/exchanges/carbon_v1.py', 29, 'fee_pairs')",361,6.2338e-05,6.2338e-05
"('/Users/mikewcasale/Documents/GitHub/bancorprotocol/fastlane-bot/fastlane_bot/events/exchanges/base.py', 158, 'get_pool')",1616,0.0019164980000000002,0.0019164980000000002
"('/Users/mikewcasale/Documents/GitHub/bancorprotocol/fastlane-bot/fastlane_bot/events/pools/bancor_v3.py', 25, 'unique_key')",547,2.7588e-05,2.7588e-05
"('/Users/mikewcasale/Documents/GitHub/bancorprotocol/fastlane-bot/fastlane_bot/events/pools/bancor_v3.py', 32, 'event_matches_format')",117441,0.020690073,0.020690073
"('/Users/mikewcasale/Documents/GitHub/bancorprotocol/fastlane-bot/fastlane_bot/events/pools/carbon_v1.py', 25, 'unique_key')",3,4.5800000000000005e-07,4.5800000000000005e-07
"('/Users/mikewcasale/Documents/GitHub/bancorprotocol/fastlane-bot/fastlane_bot/events/pools/carbon_v1.py', 32, 'event_matches_format')",117391,0.020386461,0.020386461
"('/Users/mikewcasale/Documents/GitHub/bancorprotocol/fastlane-bot/fastlane_bot/events/pools/factory.py', 32, 'get_pool')",135963,0.035531463,0.040097112000000004
"('/Users/mikewcasale/Documents/GitHub/bancorprotocol/fastlane-bot/fastlane_bot/events/pools/sushiswap_v2.py', 33, 'event_matches_format')",118517,0.13841704500000002,0.13841704500000002
"('/Users/mikewcasale/Documents/GitHub/bancorprotocol/fastlane-bot/fastlane_bot/events/pools/sushiswap_v2.py', 26, 'unique_key')",1076,0.000129965,0.000129965
"('/Users/mikewcasale/Documents/GitHub/bancorprotocol/fastlane-bot/fastlane_bot/events/pools/uniswap_v2.py', 26, 'unique_key')",11636,0.001106509,0.001106509
"('/Users/mikewcasale/Documents/GitHub/bancorprotocol/fastlane-bot/fastlane_bot/events/pools/uniswap_v2.py', 33, 'event_matches_format')",130153,2.39593967,2.39593967
"('/Users/mikewcasale/Documents/GitHub/bancorprotocol/fastlane-bot/fastlane_bot/events/exchanges/carbon_v1.py', 145, 'save_strategy')",361,0.001650138,0.135370591
"('/Users/mikewcasale/Documents/GitHub/bancorprotocol/fastlane-bot/fastlane_bot/events/exchanges/factory.py', 31, 'get_exchange')",6,8.584000000000001e-06,1.2875000000000001e-05
"('/Users/mikewcasale/Documents/GitHub/bancorprotocol/fastlane-bot/fastlane_bot/events/exchanges/sushiswap_v2.py', 29, 'get_abi')",1,2.08e-07,2.08e-07
"('/Users/mikewcasale/Documents/GitHub/bancorprotocol/fastlane-bot/fastlane_bot/events/exchanges/sushiswap_v2.py', 32, 'get_events')",14,2.5959e-05,2.5959e-05
"('/Users/mikewcasale/Documents/GitHub/bancorprotocol/fastlane-bot/fastlane_bot/events/exchanges/uniswap_v2.py', 29, 'get_abi')",1,1.67e-07,1.67e-07
"('/Users/mikewcasale/Documents/GitHub/bancorprotocol/fastlane-bot/fastlane_bot/events/exchanges/uniswap_v2.py', 32, 'get_events')",14,1.9833e-05,1.9833e-05
"('/Users/mikewcasale/Documents/GitHub/bancorprotocol/fastlane-bot/fastlane_bot/events/exchanges/uniswap_v3.py', 29, 'get_abi')",1,1.2500000000000002e-07,1.2500000000000002e-07
"('/Users/mikewcasale/Documents/GitHub/bancorprotocol/fastlane-bot/fastlane_bot/events/exchanges/uniswap_v3.py', 32, 'get_events')",14,3.5001e-05,3.5001e-05
"('/Users/mikewcasale/Documents/GitHub/bancorprotocol/fastlane-bot/fastlane_bot/events/exchanges/bancor_pol.py', 32, 'get_abi')",1,2.5000000000000004e-07,2.5000000000000004e-07
"('/Users/mikewcasale/Documents/GitHub/bancorprotocol/fastlane-bot/fastlane_bot/events/exchanges/bancor_pol.py', 35, 'get_events')",14,2.1167000000000002e-05,2.1167000000000002e-05
"('/Users/mikewcasale/Documents/GitHub/bancorprotocol/fastlane-bot/fastlane_bot/events/utils.py', 764, 'handle_subsequent_iterations')",7,0.003082207,20.298739293
"('/Users/mikewcasale/Documents/GitHub/bancorprotocol/fastlane-bot/fastlane_bot/events/utils.py', 863, '<listcomp>')",7,0.018924163,0.129782375
"('/Users/mikewcasale/Documents/GitHub/bancorprotocol/fastlane-bot/fastlane_bot/events/utils.py', 846, 'verify_state_changed')",7,0.000108789,0.131229999
"('/Users/mikewcasale/Documents/GitHub/bancorprotocol/fastlane-bot/fastlane_bot/events/utils.py', 887, '<listcomp>')",7,0.002453125,0.002453125
"('/Users/mikewcasale/Documents/GitHub/bancorprotocol/fastlane-bot/fastlane_bot/events/utils.py', 874, 'handle_duplicates')",7,0.0014574170000000001,0.027867041000000002
"('/Users/mikewcasale/Documents/GitHub/bancorprotocol/fastlane-bot/fastlane_bot/events/utils.py', 913, 'handle_initial_iteration')",7,1.1123e-05,5.54041229
"('/Users/mikewcasale/Documents/GitHub/bancorprotocol/fastlane-bot/fastlane_bot/events/utils.py', 1050, '<listcomp>')",7,0.031013873,3.842331542
"('/Users/mikewcasale/Documents/GitHub/bancorprotocol/fastlane-bot/fastlane_bot/events/utils.py', 1052, '<listcomp>')",7,0.028006084,0.668235749
"('/Users/mikewcasale/Documents/GitHub/bancorprotocol/fastlane-bot/fastlane_bot/events/utils.py', 1078, '<listcomp>')",7,0.0005717480000000001,0.0005717480000000001
"('/Users/mikewcasale/Documents/GitHub/bancorprotocol/fastlane-bot/fastlane_bot/events/utils.py', 1006, 'get_latest_events')",7,0.000501878,54.142307542000005
"('/Users/mikewcasale/Documents/GitHub/bancorprotocol/fastlane-bot/fastlane_bot/events/utils.py', 1142, '<genexpr>')",32028,0.010899079,0.010899079
"('/Users/mikewcasale/Documents/GitHub/bancorprotocol/fastlane-bot/fastlane_bot/events/utils.py', 1094, 'get_start_block')",7,0.000211957,1.7744902500000002
"('/Users/mikewcasale/Documents/GitHub/bancorprotocol/fastlane-bot/fastlane_bot/events/utils.py', 1357, 'set_network_to_tenderly_if_replay')",7,1.1459e-05,1.1459e-05
"('/Users/mikewcasale/Documents/GitHub/bancorprotocol/fastlane-bot/fastlane_bot/events/utils.py', 1431, 'set_network_to_mainnet_if_replay')",7,2.6959e-05,2.6959e-05
"('/Users/mikewcasale/Documents/GitHub/bancorprotocol/fastlane-bot/fastlane_bot/events/utils.py', 1539, 'verify_min_bnt_is_respected')",7,2.1874e-05,4.375e-05
"('/Users/mikewcasale/Documents/GitHub/bancorprotocol/fastlane-bot/fastlane_bot/events/utils.py', 1558, 'handle_target_token_addresses')",1,1.25e-06,1.25e-06
"('/Users/mikewcasale/Documents/GitHub/bancorprotocol/fastlane-bot/fastlane_bot/events/utils.py', 1621, 'get_current_block')",7,3.1125000000000004e-05,1.082948375
"('/Users/mikewcasale/Documents/GitHub/bancorprotocol/fastlane-bot/fastlane_bot/events/exchanges/carbon_v1.py', 36, 'fee_pairs')",1,2.08e-07,2.08e-07
"('/Users/mikewcasale/Documents/GitHub/bancorprotocol/fastlane-bot/fastlane_bot/events/exchanges/carbon_v1.py', 48, 'add_pool')",359,0.00011184000000000001,0.00011184000000000001
"('/Users/mikewcasale/Documents/GitHub/bancorprotocol/fastlane-bot/fastlane_bot/events/exchanges/carbon_v1.py', 51, 'get_abi')",2,4.16e-07,4.16e-07
"('/Users/mikewcasale/Documents/GitHub/bancorprotocol/fastlane-bot/fastlane_bot/events/exchanges/carbon_v1.py', 54, 'get_events')",14,7.962500000000001e-05,7.962500000000001e-05
"('/Users/mikewcasale/Documents/GitHub/bancorprotocol/fastlane-bot/fastlane_bot/events/pools/bancor_pol.py', 30, 'unique_key')",6153,0.000501962,0.000501962
"('/Users/mikewcasale/Documents/GitHub/bancorprotocol/fastlane-bot/fastlane_bot/events/pools/bancor_pol.py', 37, 'event_matches_format')",117388,0.016153172,0.016153172
"('/Users/mikewcasale/Documents/GitHub/bancorprotocol/fastlane-bot/fastlane_bot/events/managers/pools.py', 367, 'get_or_init_pool')",1257,0.002411079,0.012410464000000001
"('/Users/mikewcasale/Documents/GitHub/bancorprotocol/fastlane-bot/fastlane_bot/events/multicall_utils.py', 20, 'bit_length')",798,0.000705352,0.0010856540000000001
"('/Users/mikewcasale/Documents/GitHub/bancorprotocol/fastlane-bot/fastlane_bot/events/multicall_utils.py', 39, 'encode_float')",399,0.0005829300000000001,0.0008944980000000001
"('/Users/mikewcasale/Documents/GitHub/bancorprotocol/fastlane-bot/fastlane_bot/events/multicall_utils.py', 59, 'encode_rate')",399,0.002736379,0.006888265
"('/Users/mikewcasale/Documents/GitHub/bancorprotocol/fastlane-bot/fastlane_bot/events/managers/pools.py', 19, 'pool_key_from_info')",1616,0.00068817,0.00068817
"('/Users/mikewcasale/Documents/GitHub/bancorprotocol/fastlane-bot/fastlane_bot/events/managers/pools.py', 49, 'pool_type_from_exchange_name')",135963,0.029341831000000002,0.069438943
"('/Users/mikewcasale/Documents/GitHub/bancorprotocol/fastlane-bot/fastlane_bot/events/managers/pools.py', 67, 'pool_descr_from_info')",361,0.00013541,0.00013541
"('/Users/mikewcasale/Documents/GitHub/bancorprotocol/fastlane-bot/fastlane_bot/events/managers/pools.py', 123, 'generate_pool_info')",361,0.0006308500000000001,0.00076626
"('/Users/mikewcasale/Documents/GitHub/bancorprotocol/fastlane-bot/fastlane_bot/events/managers/pools.py', 194, 'add_pool_info')",361,0.001060621,0.09508691400000001
"('/Users/mikewcasale/Documents/GitHub/bancorprotocol/fastlane-bot/fastlane_bot/events/managers/pools.py', 283, 'add_pool_to_exchange')",359,0.000359287,0.000834388
"('/Users/mikewcasale/Documents/GitHub/bancorprotocol/fastlane-bot/fastlane_bot/events/multicall_utils.py', 79, 'encode_token_price')",399,0.000581481,0.008364244
"('/Users/mikewcasale/Documents/GitHub/bancorprotocol/fastlane-bot/fastlane_bot/events/multicall_utils.py', 113, '<listcomp>')",14,0.006564376,0.006564376
"('/Users/mikewcasale/Documents/GitHub/bancorprotocol/fastlane-bot/fastlane_bot/events/multicall_utils.py', 97, 'get_pools_for_exchange')",14,1.4708e-05,0.006579084000000001
"('/Users/mikewcasale/Documents/GitHub/bancorprotocol/fastlane-bot/fastlane_bot/events/multicall_utils.py', 120, 'multicall_helper')",14,0.000601788,141.320597792
"('/Users/mikewcasale/Documents/GitHub/bancorprotocol/fastlane-bot/fastlane_bot/events/multicall_utils.py', 149, 'multicall_fn')",896,0.00028639100000000004,0.0005476690000000001
"('/Users/mikewcasale/Documents/GitHub/bancorprotocol/fastlane-bot/fastlane_bot/events/multicall_utils.py', 175, 'process_results_for_multicall')",14,0.002895851,127.98319987600001
"('/Users/mikewcasale/Documents/GitHub/bancorprotocol/fastlane-bot/fastlane_bot/events/multicall_utils.py', 201, 'extract_params_for_multicall')",896,0.0006995370000000001,127.95791677000001
"('/Users/mikewcasale/Documents/GitHub/bancorprotocol/fastlane-bot/fastlane_bot/events/multicall_utils.py', 249, '_extract_pol_params_for_multicall')",399,0.008886606,127.95721723300001
"('/Users/mikewcasale/Documents/GitHub/bancorprotocol/fastlane-bot/fastlane_bot/events/multicall_utils.py', 292, 'update_pool_for_multicall')",896,0.0018522780000000002,0.0019040040000000002
"('/Users/mikewcasale/Documents/GitHub/bancorprotocol/fastlane-bot/fastlane_bot/events/multicall_utils.py', 339, '<listcomp>')",896,0.008286441,0.008286441
"('/Users/mikewcasale/Documents/GitHub/bancorprotocol/fastlane-bot/fastlane_bot/events/multicall_utils.py', 317, 'update_mgr_exchanges_for_multicall')",896,0.002053824,0.010507917
"('/Users/mikewcasale/Documents/GitHub/bancorprotocol/fastlane-bot/fastlane_bot/events/multicall_utils.py', 344, 'get_multicall_contract_for_exchange')",14,4.3083e-05,0.00015137400000000002
"('/Users/mikewcasale/Documents/GitHub/bancorprotocol/fastlane-bot/fastlane_bot/events/multicall_utils.py', 383, '<listcomp>')",7,1.0708000000000001e-05,1.0708000000000001e-05
"('/Users/mikewcasale/Documents/GitHub/bancorprotocol/fastlane-bot/fastlane_bot/events/multicall_utils.py', 384, '<listcomp>')",7,5.1250000000000006e-05,0.006630334000000001
"('/Users/mikewcasale/Documents/GitHub/bancorprotocol/fastlane-bot/fastlane_bot/events/multicall_utils.py', 371, 'multicall_every_iteration')",7,0.00027896,141.327737084
"('/Users/mikewcasale/Documents/GitHub/bancorprotocol/fastlane-bot/fastlane_bot/events/utils.py', 56, '<listcomp>')",7,0.007153917,0.007153917
"('/Users/mikewcasale/Documents/GitHub/bancorprotocol/fastlane-bot/fastlane_bot/events/utils.py', 38, 'filter_latest_events')",7,0.28031157900000003,3.7013593750000005
"('/Users/mikewcasale/Documents/GitHub/bancorprotocol/fastlane-bot/fastlane_bot/events/utils.py', 130, '<dictcomp>')",135604,0.21606825200000002,3.463006291
"('/Users/mikewcasale/Documents/GitHub/bancorprotocol/fastlane-bot/fastlane_bot/events/utils.py', 132, '<listcomp>')",168,0.042300779000000004,4.4508142070000005
"('/Users/mikewcasale/Documents/GitHub/bancorprotocol/fastlane-bot/fastlane_bot/events/utils.py', 107, 'complex_handler')",168,2.107220147,4.451284335
"('/Users/mikewcasale/Documents/GitHub/bancorprotocol/fastlane-bot/fastlane_bot/events/utils.py', 155, '<genexpr>')",16,1.6543e-05,0.000110668
"('/Users/mikewcasale/Documents/GitHub/bancorprotocol/fastlane-bot/fastlane_bot/events/utils.py', 138, 'add_initial_pool_data')",1,0.000181501,0.100345792
"('/Users/mikewcasale/Documents/GitHub/bancorprotocol/fastlane-bot/fastlane_bot/events/utils.py', 166, 'read_csv_file')",3,3.4669e-05,0.046776251000000005
"('/Users/mikewcasale/Documents/GitHub/bancorprotocol/fastlane-bot/fastlane_bot/events/utils.py', 194, 'filter_static_pool_data')",1,1.2125e-05,0.001326375
"('/Users/mikewcasale/Documents/GitHub/bancorprotocol/fastlane-bot/fastlane_bot/events/utils.py', 274, '<listcomp>')",1,0.0063785230000000005,0.38068300000000005
"('/Users/mikewcasale/Documents/GitHub/bancorprotocol/fastlane-bot/fastlane_bot/events/utils.py', 225, 'get_static_data')",1,0.013420335,0.443645542
"('/Users/mikewcasale/Documents/GitHub/bancorprotocol/fastlane-bot/fastlane_bot/events/utils.py', 281, 'handle_tenderly_event_exchanges')",1,2.708e-06,2.708e-06
"('/Users/mikewcasale/Documents/GitHub/bancorprotocol/fastlane-bot/fastlane_bot/events/utils.py', 311, 'handle_exchanges')",1,8.708e-06,0.00023166700000000002
"('/Users/mikewcasale/Documents/GitHub/bancorprotocol/fastlane-bot/fastlane_bot/events/utils.py', 334, 'handle_target_tokens')",1,1.8340000000000001e-06,1.8340000000000001e-06
"('/Users/mikewcasale/Documents/GitHub/bancorprotocol/fastlane-bot/fastlane_bot/events/utils.py', 400, '<listcomp>')",1,4.1660000000000004e-06,2.15e-05
"('/Users/mikewcasale/Documents/GitHub/bancorprotocol/fastlane-bot/fastlane_bot/events/utils.py', 382, 'handle_flashloan_tokens')",1,9.374e-06,0.000100833
"('/Users/mikewcasale/Documents/GitHub/bancorprotocol/fastlane-bot/fastlane_bot/events/utils.py', 409, 'get_config')",1,1.8876e-05,0.520435667
"('/Users/mikewcasale/Documents/GitHub/bancorprotocol/fastlane-bot/fastlane_bot/events/utils.py', 456, 'get_loglevel')",1,4.875e-06,4.875e-06
"('/Users/mikewcasale/Documents/GitHub/bancorprotocol/fastlane-bot/fastlane_bot/events/utils.py', 510, '<genexpr>')",77,0.00022805200000000002,0.000942791
"('/Users/mikewcasale/Documents/GitHub/bancorprotocol/fastlane-bot/fastlane_bot/events/utils.py', 517, '<genexpr>')",21,7.65e-05,0.00025749700000000003
"('/Users/mikewcasale/Documents/GitHub/bancorprotocol/fastlane-bot/fastlane_bot/events/utils.py', 484, 'get_event_filters')",7,0.000222579,7.433375624000001
"('/Users/mikewcasale/Documents/GitHub/bancorprotocol/fastlane-bot/fastlane_bot/events/utils.py', 541, '<genexpr>')",91,9.379000000000001e-05,0.000537797
"('/Users/mikewcasale/Documents/GitHub/bancorprotocol/fastlane-bot/fastlane_bot/events/utils.py', 524, 'get_all_events')",7,7.7289e-05,38.485846541
"('/Users/mikewcasale/Documents/GitHub/bancorprotocol/fastlane-bot/fastlane_bot/events/utils.py', 582, '<listcomp>')",7,0.000330442,0.000398584
"('/Users/mikewcasale/Documents/GitHub/bancorprotocol/fastlane-bot/fastlane_bot/events/utils.py', 545, 'save_events_to_json')",7,0.0005618730000000001,0.00788029
"('/Users/mikewcasale/Documents/GitHub/bancorprotocol/fastlane-bot/fastlane_bot/events/utils.py', 604, '<genexpr>')",112,6.426e-05,0.0005118410000000001
"('/Users/mikewcasale/Documents/GitHub/bancorprotocol/fastlane-bot/fastlane_bot/events/utils.py', 591, 'update_pools_from_events')",7,6.3874e-05,21.516073583
"('/Users/mikewcasale/Documents/GitHub/bancorprotocol/fastlane-bot/fastlane_bot/events/utils.py', 608, 'write_pool_data_to_disk')",7,0.0033157060000000003,0.20437449800000002
"('/Users/mikewcasale/Documents/GitHub/bancorprotocol/fastlane-bot/fastlane_bot/events/utils.py', 666, 'init_bot')",7,0.00019100100000000002,1.154440917
"('/Users/mikewcasale/Documents/GitHub/bancorprotocol/fastlane-bot/fastlane_bot/events/pools/uniswap_v3.py', 25, 'unique_key')",5451,0.000440121,0.000440121
"('/Users/mikewcasale/Documents/GitHub/bancorprotocol/fastlane-bot/fastlane_bot/events/pools/uniswap_v3.py', 32, 'event_matches_format')",135604,0.15849985500000002,0.15849985500000002
"('/Users/mikewcasale/Documents/GitHub/bancorprotocol/fastlane-bot/fastlane_bot/events/pools/bancor_v2.py', 32, 'event_matches_format')",117388,0.015277133000000002,0.015277133000000002
"('/Users/mikewcasale/Documents/GitHub/bancorprotocol/fastlane-bot/fastlane_bot/bot.py', 1190, 'setup_polling_interval')",2,6.7090000000000005e-06,6.7090000000000005e-06
"('/Users/mikewcasale/Documents/GitHub/bancorprotocol/fastlane-bot/fastlane_bot/bot.py', 1364, 'run')",2,5.3792e-05,6.436210459000001
"('/Users/mikewcasale/Documents/GitHub/bancorprotocol/fastlane-bot/fastlane_bot/bot.py', 1287, 'run_single_mode')",2,1.4167e-05,6.023868208000001
"('/Users/mikewcasale/Documents/GitHub/bancorprotocol/fastlane-bot/fastlane_bot/bot.py', 1201, 'setup_flashloan_tokens')",2,3.041e-06,3.041e-06
"('/Users/mikewcasale/Documents/GitHub/bancorprotocol/fastlane-bot/fastlane_bot/bot.py', 1211, 'setup_CCm')",2,0.00010958200000000001,0.406511583
"('/Users/mikewcasale/Documents/GitHub/bancorprotocol/fastlane-bot/fastlane_bot/bot.py', 1178, 'validate_mode')",2,1.0834e-05,1.0834e-05
"('/Users/mikewcasale/Documents/GitHub/bancorprotocol/fastlane-bot/fastlane_bot/bot.py', 441, '_run')",2,0.000356791,6.023854041000001
